RESTAURANT_ID,NAME,ADDRESS,LAT,LONG,OPENING_DATE,DELIVERY_START
R10001,Columbia,"2884 Broadway, New York, NY 10025",40.81147,-73.96123,8/9/2014,2017-01-01
R10002,Midtown,"1379 6th Ave, New York, NY 10019",40.76364,-73.97796,3/19/2013,2018-05-01
R10005,Flatiron,"40 W 25th St, New York, NY 10010",40.7436,-73.99107,11/14/2013,2016-03-05
R10008,Williamsburg,"45 S 3rd St, Brooklyn, NY 11249",40.713749,-73.96578199999999,10/12/2015,2017-01-01
R10004,NYU,"109 Macdougal St, New York, NY 10012",40.729929999999996,-74.00081999999999,1/10/2014,2017-01-01
R10003,Bryant Park,"70 W 40th St, New York, NY 10018",40.752911,-73.983498,5/21/2013,2018-05-01
R10006,Upper East Side,"1045 Lexington Ave, New York, NY 10021",40.772009999999995,-73.96078,5/29/2014,2017-08-02
R10007,Upper West Side,"2140 Broadway, New York, NY 10023",40.77543,-73.98205,2/2/2015,2017-08-02
